student_id,cgpa,twelfth_percent,branch,internships,projects,backlogs,prep_hours,communication_score,hostel,placed,package_lpa
1001,6.94,69.8,ECE,1,3,0,205,5,No,0,0.0
1002,8.82,88.5,CE,0,0,2,156,8,No,1,8.34
1003,7.56,84.2,CSE,0,1,0,191,6,Yes,0,0.0
1004,7.14,64.4,CE,0,0,0,519,9,No,1,6.34
1005,6.38,91.8,IT,1,5,1,410,3,Yes,0,0.0
1006,6.84,71.6,IT,1,2,0,188,9,No,1,8.26
1007,7.18,78.7,ME,0,2,0,98,6,Yes,0,0.0
1008,8.63,75.0,IT,1,2,0,109,8,Yes,1,7.16
1009,6.85,77.8,ECE,0,3,0,254,5,Yes,0,0.0
1010,9.01,91.3,CSE,1,1,0,163,7,Yes,1,9.19
1011,6.56,66.2,ME,1,2,0,447,8,Yes,1,7.57
1012,7.08,60.1,ECE,0,2,0,395,,Yes,1,8.38
1013,8.16,74.2,IT,1,3,0,464,6,Yes,1,9.48
1014,7.18,63.6,ME,2,4,0,217,5,No,1,8.59
1015,6.65,66.9,IT,1,1,0,308,5,Yes,0,0.0
1016,7.28,74.5,IT,3,5,0,,8,Yes,1,11.27
1017,7.8,76.6,CSE,2,1,0,301,5,Yes,0,0.0
1018,5.86,83.0,IT,1,1,0,338,7,Yes,0,0.0
1019,7.18,66.2,CSE,0,1,0,687,6,Yes,1,9.58
1020,7.3,78.9,CSE,1,3,1,162,6,Yes,0,0.0
1021,7.04,70.4,ME,0,1,0,241,5,Yes,0,0.0
1022,8.06,90.3,CSE,3,0,0,547,5,No,1,10.12
1023,6.89,97.2,IT,0,2,2,146,3,Yes,0,0.0
1024,7.07,77.7,CE,0,6,0,189,7,Yes,0,0.0
1025,7.43,91.2,CE,0,2,0,170,6,No,1,5.25
1026,8.06,73.2,ME,2,3,0,146,8,Yes,1,8.33
1027,7.2,61.0,ECE,3,2,3,374,5,No,1,9.59
1028,8.76,68.6,CSE,2,0,1,161,5,Yes,1,10.11
1029,6.58,59.3,CSE,2,4,0,286,6,No,1,9.38
1030,8.56,70.9,CE,0,3,0,170,6,Yes,1,6.88
1031,,71.5,ECE,2,2,2,263,4,Yes,0,0.0
1032,7.25,85.9,CSE,0,1,0,282,,Yes,1,8.83
1033,7.73,83.3,ECE,0,3,5,510,5,No,0,0.0
1034,9.25,85.7,ME,2,1,1,177,5,No,1,9.83
1035,8.21,74.6,ECE,1,3,0,142,7,No,1,8.8
1036,7.03,68.4,CE,3,4,0,151,8,No,1,9.18
1037,8.57,79.8,CSE,2,1,0,,5,No,1,9.55
1038,7.21,76.7,ECE,0,2,0,164,8,No,1,7.01
1039,6.69,76.2,IT,1,3,2,307,5,No,0,0.0
1040,7.8,80.5,CSE,3,4,0,106,5,Yes,1,8.98
1041,7.49,75.2,ECE,2,5,0,387,6,No,1,9.29
1042,8.26,61.3,CE,2,2,0,132,5,Yes,1,8.03
1043,6.91,64.5,ECE,0,2,0,150,8,Yes,0,0.0
1044,7.74,69.6,CSE,3,1,0,291,9,Yes,1,11.86
1045,7.97,93.0,ME,1,2,0,188,5,No,0,0.0
1046,7.65,72.9,ECE,0,3,0,429,7,Yes,1,8.17
1047,7.37,82.0,ECE,1,5,1,174,6,No,1,7.27
1048,6.77,87.3,ME,3,1,0,534,7,Yes,1,8.46
1049,8.21,81.4,CSE,1,4,0,307,5,Yes,1,8.28
1050,7.52,72.8,ME,3,1,1,195,8,Yes,1,7.56
1051,7.85,74.7,ECE,3,2,0,150,7,Yes,1,8.64
1052,7.08,65.8,ME,1,1,1,448,7,Yes,0,0.0
1053,7.41,78.8,CSE,3,0,2,526,10,No,1,10.92
1054,6.47,83.4,ME,2,6,0,336,,No,1,7.26
1055,7.48,81.4,CSE,0,2,0,158,6,Yes,0,0.0
1056,8.09,85.0,CSE,0,3,0,502,8,Yes,1,10.5
1057,7.48,82.7,CE,0,0,0,261,8,Yes,0,0.0
1058,8.17,96.3,CE,1,1,0,329,6,Yes,1,9.11
1059,7.68,71.1,CE,2,1,1,434,7,No,0,0.0
1060,8.63,81.1,IT,0,3,0,298,9,Yes,1,9.28
1061,7.23,81.8,CSE,0,0,4,280,6,No,0,0.0
1062,5.93,82.8,CSE,3,1,4,141,6,No,0,0.0
1063,7.79,55.3,ECE,2,3,0,165,6,No,1,9.64
1064,7.25,70.8,ME,0,4,0,504,2,No,0,0.0
1065,6.52,71.5,ME,3,1,0,340,7,No,1,7.9
1066,7.99,68.5,CSE,1,4,0,258,7,No,1,8.36
1067,7.64,84.3,CSE,0,3,0,841,10,Yes,1,11.82
1068,7.8,79.2,ECE,0,1,3,279,4,Yes,0,0.0
1069,7.1,71.5,ME,0,0,0,266,7,Yes,0,0.0
1070,7.58,61.8,CE,1,4,2,85,7,Yes,1,7.5
1071,7.63,64.8,CSE,1,2,0,108,8,No,1,10.23
1072,,71.9,IT,1,1,4,193,,Yes,0,0.0
1073,6.78,78.2,CE,1,2,0,127,,Yes,0,0.0
1074,7.39,65.0,IT,1,5,5,176,6,Yes,0,0.0
1075,7.73,58.4,ECE,1,4,1,193,7,No,1,9.17
1076,5.85,58.3,CSE,1,5,1,186,7,Yes,0,0.0
1077,5.96,66.4,ECE,0,3,2,306,5,Yes,0,0.0
1078,9.35,96.9,CE,0,2,0,138,5,Yes,1,8.08
1079,5.81,93.7,ME,1,2,1,114,6,No,0,0.0
1080,7.92,73.2,CE,0,5,0,38,5,No,0,0.0
1081,6.64,82.2,ECE,2,3,0,211,5,Yes,1,7.36
1082,6.71,86.5,CSE,2,4,1,273,7,No,0,0.0
1083,5.62,82.2,ME,2,6,1,204,7,Yes,0,0.0
1084,6.59,72.5,CSE,1,4,0,334,4,Yes,0,0.0
1085,8.11,66.4,ME,3,1,0,524,3,No,1,8.69
1086,6.15,67.9,CSE,1,2,0,379,5,No,1,8.05
1087,7.94,60.9,ME,1,3,3,,7,Yes,0,0.0
1088,7.68,79.0,CSE,0,4,2,466,6,Yes,1,10.1
1089,9.22,88.5,IT,0,4,0,336,7,Yes,1,11.34
1090,6.97,57.7,IT,1,2,1,281,7,Yes,0,0.0
1091,8.54,79.0,ECE,1,6,0,340,8,No,1,9.25
1092,8.2,81.0,CSE,1,2,0,289,6,No,1,8.29
1093,7.14,86.5,IT,0,2,0,208,,Yes,0,0.0
1094,5.9,83.9,CSE,0,0,1,225,8,Yes,0,0.0
1095,8.76,87.3,CSE,0,3,3,125,6,No,1,8.85
1096,6.17,66.1,IT,1,2,1,255,5,Yes,0,0.0
1097,6.97,71.4,CSE,0,2,0,469,8,Yes,1,10.74
1098,8.19,89.2,ECE,1,2,5,224,9,Yes,1,8.9
1099,8.4,73.5,IT,0,3,3,351,5,No,1,9.71
1100,6.64,73.3,ME,0,4,3,313,7,No,0,0.0
1101,7.37,90.0,ECE,2,4,1,338,7,No,1,8.36
1102,7.17,76.5,IT,1,3,2,290,7,Yes,1,7.14
1103,8.46,66.8,CE,3,2,0,153,6,Yes,1,8.39
1104,9.65,80.1,ECE,1,2,0,285,5,Yes,1,10.05
1105,5.75,76.8,ME,1,2,0,396,,Yes,0,0.0
1106,8.22,76.7,IT,1,1,0,352,8,No,1,10.76
1107,5.0,79.3,ECE,2,4,1,126,6,Yes,0,0.0
1108,7.41,87.6,CSE,1,2,0,621,,No,1,11.59
1109,6.4,67.1,CE,2,1,1,136,3,No,0,0.0
1110,9.19,76.8,CSE,1,5,0,129,8,Yes,1,10.35
1111,7.55,75.5,CSE,2,0,0,289,8,No,0,0.0
1112,6.74,63.2,CSE,1,2,1,367,7,No,1,8.38
1113,6.95,78.1,CSE,1,2,0,377,10,No,1,10.48
1114,6.88,72.8,ME,0,1,0,109,7,Yes,0,0.0
1115,7.57,83.6,ECE,0,2,5,320,7,No,0,0.0
1116,7.26,70.2,CSE,1,0,0,424,5,No,1,7.85
1117,7.99,69.9,IT,1,1,0,178,5,Yes,0,0.0
1118,8.79,96.7,IT,0,1,1,703,7,Yes,1,10.09
1119,8.03,70.0,ECE,0,2,0,246,7,No,1,8.3
1120,6.3,67.4,IT,0,2,1,335,8,Yes,0,0.0
1121,5.94,65.0,ECE,1,4,0,244,5,Yes,0,0.0
1122,6.72,71.2,ME,0,3,0,222,7,No,0,0.0
1123,8.35,70.6,ME,1,2,3,326,5,Yes,0,0.0
1124,7.1,74.7,IT,1,4,2,219,6,Yes,0,0.0
1125,6.8,67.9,IT,2,2,1,311,5,Yes,0,0.0
1126,7.52,72.6,IT,1,2,0,233,3,Yes,0,0.0
1127,6.13,75.5,CSE,3,3,1,193,8,No,0,0.0
1128,6.37,79.2,CSE,2,2,1,564,5,No,1,9.2
1129,7.86,81.6,CSE,2,1,0,621,5,Yes,1,11.62
1130,7.13,68.6,IT,0,5,2,95,7,No,0,0.0
1131,6.99,78.3,IT,1,4,0,228,4,No,0,0.0
1132,7.69,75.8,ECE,0,2,0,179,5,No,0,0.0
1133,6.87,73.5,CE,1,3,0,42,2,Yes,0,0.0
1134,6.78,58.6,ME,0,2,0,210,,No,0,0.0
1135,6.99,80.8,ME,2,3,0,399,7,Yes,0,0.0
1136,7.94,76.4,ME,0,2,0,300,6,Yes,0,0.0
1137,7.45,91.5,ECE,0,1,0,371,8,No,1,8.77
1138,6.32,78.5,CE,1,1,0,433,9,No,1,7.34
1139,7.13,65.1,ECE,0,2,0,277,7,No,1,7.08
1140,7.98,65.4,ECE,1,3,0,197,6,Yes,1,8.4
1141,9.08,91.4,CSE,1,0,1,123,7,Yes,1,10.34
1142,6.37,65.0,IT,0,3,1,173,8,No,0,0.0
1143,7.7,83.1,CSE,0,4,0,193,6,No,0,0.0
1144,7.17,72.6,CSE,0,0,0,476,8,No,1,8.84
1145,8.14,97.2,ECE,0,2,0,,7,Yes,1,8.4
1146,7.8,77.9,ME,3,5,0,372,4,No,1,7.34
1147,8.72,93.6,CSE,1,3,4,147,6,Yes,1,9.56
1148,7.87,89.4,ME,2,2,0,256,6,Yes,1,9.83
1149,6.91,70.4,ECE,1,3,1,353,4,Yes,0,0.0
1150,6.92,71.6,CSE,0,1,1,232,4,No,0,0.0
1151,7.76,90.5,CE,0,1,0,296,6,No,1,5.96
1152,7.76,77.1,IT,1,5,0,406,7,Yes,1,9.09
1153,9.56,74.7,CSE,1,5,0,354,5,Yes,1,10.29
1154,8.91,91.5,ME,0,1,0,111,7,No,0,0.0
1155,6.34,96.1,CSE,1,7,2,450,5,Yes,1,8.45
1156,7.72,76.7,ME,1,2,0,239,4,Yes,0,0.0
1157,6.2,85.2,CSE,1,1,1,204,8,Yes,0,0.0
1158,5.91,70.3,IT,0,1,4,243,6,No,0,0.0
1159,8.07,90.4,CSE,2,0,0,169,3,Yes,1,8.68
1160,7.9,75.6,ME,1,3,2,38,3,Yes,0,0.0
1161,6.47,85.5,IT,1,2,0,396,6,No,1,7.34
1162,8.88,85.6,CE,0,2,1,352,5,Yes,1,7.36
1163,6.52,72.0,ECE,2,2,0,207,5,No,0,0.0
1164,6.35,75.3,ECE,0,2,2,186,4,Yes,0,0.0
1165,7.99,73.3,ECE,0,5,0,191,6,Yes,1,8.06
1166,7.6,66.9,IT,2,6,0,403,10,Yes,1,11.75
1167,7.26,66.5,IT,1,0,0,357,3,Yes,0,0.0
1168,7.34,75.7,CE,0,5,0,452,9,Yes,1,6.93
1169,7.6,67.5,CSE,0,4,1,332,5,No,0,0.0
1170,7.27,80.1,CE,2,2,0,144,4,No,0,0.0
1171,7.24,80.8,ME,0,4,0,429,8,Yes,1,9.13
1172,5.69,75.6,IT,0,4,2,159,6,No,0,0.0
1173,6.19,68.4,ECE,0,2,0,300,6,No,0,0.0
1174,7.95,78.7,IT,3,2,0,515,8,Yes,1,12.49
1175,6.77,74.4,IT,1,1,0,402,10,No,1,8.94
1176,7.89,90.0,ECE,2,2,1,254,7,No,1,10.47
1177,8.51,72.7,CSE,2,4,0,,4,Yes,1,10.88
1178,7.08,72.2,IT,2,5,1,338,4,Yes,0,0.0
1179,7.65,75.2,CE,2,1,1,403,6,No,0,0.0
1180,9.27,80.9,CSE,0,3,4,214,8,No,1,11.94
1181,8.03,71.8,ME,2,5,3,153,7,Yes,1,10.1
1182,9.06,75.9,IT,1,2,0,218,7,No,1,10.15
1183,,89.9,CSE,0,2,0,352,8,No,1,10.02
1184,8.08,72.9,CE,0,1,4,309,2,Yes,0,0.0
1185,7.3,84.6,CSE,1,1,0,150,8,Yes,1,9.25
1186,6.64,92.7,IT,1,3,0,229,6,Yes,0,0.0
1187,6.4,85.1,CE,3,3,0,302,6,Yes,0,0.0
1188,7.84,61.7,CSE,1,3,0,181,7,Yes,0,0.0
1189,7.82,84.9,ME,1,3,4,261,6,Yes,0,0.0
1190,7.24,80.5,ECE,0,1,0,231,4,No,0,0.0
1191,8.16,83.8,ME,0,2,5,189,3,No,0,0.0
1192,6.86,60.4,ECE,0,0,0,117,7,Yes,0,0.0
1193,8.4,86.5,IT,1,1,0,210,4,No,0,0.0
1194,7.44,66.9,ME,3,4,5,82,6,No,0,0.0
1195,7.37,88.2,CSE,0,3,1,190,3,Yes,0,0.0
1196,7.4,86.3,IT,2,5,1,395,6,No,1,10.78
1197,7.31,98.0,IT,1,1,2,167,7,No,0,0.0
1198,9.64,79.8,IT,0,2,0,513,6,Yes,1,10.0
1199,5.95,58.5,CSE,3,4,6,382,7,No,0,0.0
1200,7.56,86.5,CSE,1,2,0,339,5,No,1,9.37
1201,8.52,87.8,ECE,2,6,1,769,5,No,1,11.26
1202,8.05,75.1,IT,0,2,5,295,7,No,0,0.0
1203,7.13,88.0,ME,1,4,0,280,6,Yes,0,0.0
1204,8.97,87.5,ECE,2,2,0,216,7,No,1,8.76
1205,6.44,62.1,CE,2,2,1,89,6,No,0,0.0
1206,6.22,69.9,ME,1,6,0,,8,Yes,1,7.41
1207,7.91,74.1,ECE,0,4,0,196,9,No,1,9.52
1208,6.09,71.6,CSE,1,4,2,420,7,Yes,0,0.0
1209,5.26,71.9,ME,1,0,0,,8,No,0,0.0
1210,8.19,72.7,CSE,0,7,1,384,7,No,1,10.69
1211,8.09,76.8,CSE,1,4,2,378,4,No,1,7.18
1212,,83.8,CE,3,0,0,271,8,Yes,1,8.18
1213,6.96,74.6,ECE,0,2,0,395,8,Yes,1,7.32
1214,7.56,74.6,ME,1,2,0,425,4,No,1,7.75
1215,6.53,71.2,ECE,3,4,0,406,6,Yes,0,0.0
1216,8.96,80.3,ECE,1,4,0,163,4,Yes,1,8.83
1217,8.11,61.4,CSE,2,1,0,612,7,No,1,10.85
1218,8.07,80.0,CSE,2,2,1,142,9,No,1,12.13
1219,5.65,62.0,ECE,0,3,0,446,7,Yes,0,0.0
1220,8.13,79.7,ECE,0,0,0,480,5,No,0,0.0
1221,8.74,67.3,CSE,0,1,2,215,8,Yes,0,0.0
1222,8.49,88.1,CE,3,4,0,651,7,No,1,10.62
1223,8.11,80.8,CSE,1,2,0,375,7,No,1,9.46
1224,7.4,64.4,ECE,0,5,4,338,8,Yes,0,0.0
1225,7.09,77.7,CSE,1,3,0,184,6,Yes,1,7.58
1226,7.94,71.3,ME,0,5,0,516,8,Yes,1,10.84
1227,7.74,93.8,CSE,3,2,1,263,3,No,0,0.0
1228,7.61,81.6,CSE,2,4,0,323,7,No,1,10.09
1229,7.12,68.5,CSE,2,0,0,381,5,Yes,1,9.92
1230,8.91,83.1,CSE,0,2,0,590,7,No,1,11.94
1231,,73.1,CSE,1,6,0,251,5,Yes,1,9.51
1232,7.38,87.3,ECE,1,3,0,231,4,Yes,0,0.0
1233,6.88,78.2,IT,0,5,0,197,7,Yes,1,6.36
1234,8.33,84.0,CE,2,1,0,192,4,No,1,7.12
1235,8.69,70.4,CE,1,2,0,111,2,No,0,0.0
1236,8.52,87.1,ME,2,4,0,356,6,Yes,1,8.93
1237,8.08,97.5,ECE,1,4,0,150,9,Yes,1,10.72
1238,6.14,78.6,ME,1,2,0,201,9,No,0,0.0
1239,9.27,81.9,CE,0,3,0,256,9,Yes,1,8.39
1240,7.87,79.5,CSE,2,1,0,406,3,Yes,1,7.71
1241,7.3,67.7,CSE,1,3,0,172,6,Yes,1,6.95
1242,7.42,78.3,IT,0,4,0,257,5,No,0,0.0
1243,7.09,65.8,CSE,1,1,1,206,7,No,0,0.0
1244,7.78,78.1,ECE,0,2,0,298,3,Yes,0,0.0
1245,7.68,74.0,CSE,0,3,3,158,7,No,0,0.0
1246,7.08,68.2,CSE,2,4,0,214,7,No,1,10.81
1247,5.09,74.9,CSE,0,4,2,400,8,Yes,0,0.0
1248,7.37,63.1,CSE,0,1,0,61,8,No,0,0.0
1249,7.83,77.5,ME,0,2,0,422,6,No,0,0.0
1250,7.87,66.1,ECE,1,0,0,180,4,No,0,0.0
1251,7.26,92.7,ECE,1,3,1,181,7,Yes,0,0.0
1252,7.81,95.6,CSE,1,5,0,315,5,Yes,0,0.0
1253,8.33,87.0,IT,2,1,0,102,6,No,1,9.76
1254,6.98,92.4,ECE,1,4,1,308,8,No,1,8.39
1255,8.72,85.9,CSE,2,1,0,359,3,Yes,1,9.47
1256,5.64,76.2,IT,1,2,0,365,6,Yes,0,0.0
1257,,69.4,CSE,1,2,0,86,5,No,1,6.33
1258,6.59,66.1,CSE,0,3,1,325,7,No,0,0.0
1259,5.2,71.2,CSE,0,2,1,156,7,Yes,0,0.0
1260,6.5,69.1,IT,1,5,0,209,7,Yes,1,7.75
1261,8.52,76.0,IT,1,3,1,272,7,No,1,9.06
1262,8.52,86.5,CE,0,2,2,133,5,No,0,0.0
1263,7.49,75.7,IT,1,2,2,285,5,No,0,0.0
1264,8.95,67.2,CSE,2,1,1,49,6,Yes,1,9.44
1265,7.62,75.3,ME,1,4,0,177,7,Yes,1,6.73
1266,6.95,68.4,CSE,0,3,0,386,,Yes,1,7.65
1267,7.62,74.6,CSE,1,4,1,300,5,Yes,1,9.95
1268,7.28,66.3,CE,1,5,4,404,6,No,0,0.0
1269,,89.4,ME,1,2,0,168,7,Yes,1,7.58
1270,6.05,89.7,IT,1,3,0,198,4,Yes,0,0.0
1271,8.3,69.3,CSE,2,1,1,201,5,Yes,1,11.08
1272,6.99,81.2,IT,0,1,0,,7,No,1,4.84
1273,8.17,84.3,IT,0,4,0,356,10,No,1,9.03
1274,6.01,62.7,CE,2,2,1,298,7,Yes,0,0.0
1275,7.02,76.3,IT,3,6,0,278,4,No,1,10.34
1276,7.47,89.5,CSE,0,2,0,189,9,Yes,1,8.91
1277,8.21,86.6,CE,0,2,0,168,7,No,0,0.0
1278,6.3,87.8,ECE,2,3,1,248,5,No,1,8.24
1279,8.9,70.5,CSE,1,1,0,188,7,Yes,1,8.93
1280,7.83,71.1,CSE,0,0,1,296,7,Yes,0,0.0
1281,6.93,77.8,IT,0,2,0,169,8,No,1,6.69
1282,8.5,83.0,CSE,1,3,1,301,5,No,1,10.14
1283,7.49,77.0,ECE,0,1,0,513,8,No,1,7.18
1284,8.44,76.2,ECE,3,0,2,196,6,No,1,9.77
1285,9.49,79.1,CSE,3,1,5,86,7,No,1,10.56
1286,8.09,73.1,ME,2,6,0,190,4,No,1,9.33
1287,6.93,79.1,ME,3,0,5,399,8,Yes,0,0.0
1288,7.02,55.0,CE,0,3,0,512,7,Yes,1,8.93
1289,7.92,92.4,ECE,0,2,2,226,5,Yes,0,0.0
1290,7.66,72.5,ECE,1,2,1,413,,Yes,1,8.65
1291,6.65,61.3,CSE,0,2,0,287,7,Yes,0,0.0
1292,6.8,79.6,CSE,1,0,0,157,,Yes,0,0.0
1293,8.0,65.6,CSE,0,1,0,317,8,Yes,1,8.81
1294,,86.2,CE,0,3,2,294,3,Yes,1,8.15
1295,5.03,65.7,ECE,1,5,1,225,4,Yes,0,0.0
1296,8.05,83.7,CE,3,4,0,323,6,No,1,8.91
1297,7.21,82.9,IT,0,2,2,,7,No,1,8.83
1298,8.1,90.2,ME,1,1,0,266,4,No,1,6.39
1299,8.18,74.3,CSE,3,3,0,120,8,Yes,1,10.69
1300,7.45,73.9,CSE,0,4,0,227,7,No,1,9.36
1301,6.49,73.5,CSE,1,2,1,393,3,No,0,0.0
1302,6.14,59.9,ECE,2,2,0,106,4,Yes,0,0.0
1303,5.71,76.6,ECE,1,2,0,548,8,Yes,0,0.0
1304,8.5,80.8,IT,2,1,0,176,3,No,1,9.92
1305,7.21,63.7,IT,1,3,0,86,10,Yes,1,7.38
1306,6.91,85.8,ECE,0,2,0,147,9,Yes,0,0.0
1307,7.15,87.9,CE,0,6,1,147,4,Yes,0,0.0
1308,6.19,60.9,IT,1,2,2,102,7,Yes,0,0.0
1309,7.67,82.3,ME,3,4,0,657,8,Yes,1,11.51
1310,8.59,91.2,CSE,3,3,1,201,4,Yes,1,10.27
1311,8.42,86.9,IT,0,3,0,442,3,Yes,1,6.88
1312,5.99,63.3,ECE,0,2,1,370,9,Yes,0,0.0
1313,8.63,67.4,ECE,0,3,0,396,6,Yes,1,9.79
1314,6.71,73.2,CSE,2,5,0,234,3,Yes,0,0.0
1315,5.68,66.7,IT,1,2,1,290,8,Yes,0,0.0
1316,6.29,72.9,CE,0,2,1,307,8,No,0,0.0
1317,6.53,72.8,ECE,2,4,0,277,7,Yes,1,7.4
1318,,81.0,ECE,0,3,3,105,6,No,0,0.0
1319,6.47,68.5,CSE,1,4,1,622,4,No,0,0.0
1320,6.04,70.7,CSE,1,0,3,347,3,Yes,0,0.0
1321,7.16,98.0,CSE,2,1,0,111,7,Yes,1,9.01
1322,9.13,80.3,CSE,0,0,0,,7,No,1,10.1
1323,6.77,81.0,CE,0,4,2,563,4,Yes,0,0.0
1324,7.82,80.1,CSE,0,5,3,309,4,Yes,0,0.0
1325,7.47,78.4,IT,3,3,2,103,5,No,0,0.0
1326,,75.2,CSE,1,3,0,284,5,No,1,10.74
1327,5.69,75.9,ECE,2,1,1,249,6,Yes,0,0.0
1328,8.39,78.7,CSE,0,4,0,347,9,Yes,1,11.89
1329,6.25,80.1,CSE,2,2,6,441,6,No,0,0.0
1330,6.87,93.1,CSE,0,4,1,199,8,No,1,7.11
1331,7.31,77.6,CSE,1,1,0,238,6,Yes,0,0.0
1332,9.9,90.6,ECE,0,5,0,142,8,No,1,8.92
1333,6.71,64.9,ME,1,2,3,255,6,Yes,0,0.0
1334,5.7,72.2,CSE,2,3,0,223,8,No,0,0.0
1335,8.57,93.7,CSE,0,2,4,123,5,Yes,0,0.0
1336,6.64,73.4,ME,3,4,3,123,3,Yes,0,0.0
1337,7.18,69.8,ME,2,2,0,371,8,No,1,9.18
1338,7.38,78.0,CSE,2,3,0,248,4,No,0,0.0
1339,7.49,74.8,ME,2,1,0,551,,No,1,8.61
1340,7.25,73.6,ME,0,1,0,96,9,No,1,7.4
1341,7.64,73.6,CSE,0,2,0,92,5,No,1,7.65
1342,7.75,95.1,ECE,0,3,2,286,6,Yes,1,8.12
1343,8.17,70.7,CSE,0,2,0,165,7,No,1,9.07
1344,7.02,71.3,CSE,0,2,4,215,7,No,0,0.0
1345,6.73,69.1,IT,2,4,0,481,8,No,1,12.25
1346,6.44,84.5,ECE,0,2,2,207,6,No,0,0.0
1347,7.93,75.3,IT,0,2,3,273,4,Yes,0,0.0
1348,7.36,87.8,ECE,2,4,0,145,8,No,1,8.19
1349,7.9,79.2,CSE,3,3,0,366,6,Yes,1,9.05
1350,7.88,77.4,ME,1,4,0,323,5,Yes,1,7.16
1351,8.92,67.6,CSE,0,3,4,185,7,Yes,1,8.44
1352,7.59,87.7,CE,2,3,5,211,7,No,0,0.0
1353,8.08,83.1,ECE,0,2,0,221,6,Yes,1,8.54
1354,6.32,76.6,IT,0,3,4,324,2,No,0,0.0
1355,,72.2,CSE,2,2,1,191,10,Yes,1,8.87
1356,7.12,71.6,IT,2,2,0,135,6,Yes,0,0.0
1357,6.3,61.5,IT,2,1,1,,4,No,0,0.0
1358,8.02,86.6,ECE,1,2,3,137,7,Yes,0,0.0
1359,6.2,75.0,IT,2,3,0,329,8,No,0,0.0
1360,7.46,73.1,CSE,0,2,0,179,8,No,1,7.92
1361,5.19,63.9,ME,2,4,0,324,7,Yes,0,0.0
1362,6.41,74.3,CSE,2,2,4,,7,Yes,0,0.0
1363,7.09,74.4,ME,3,4,1,326,3,Yes,0,0.0
1364,7.17,90.3,ME,2,2,2,191,1,No,0,0.0
1365,5.79,78.3,CE,2,5,3,20,8,Yes,0,0.0
1366,7.5,71.1,ECE,0,3,0,223,7,Yes,0,0.0
1367,8.28,68.9,CSE,1,7,5,,6,Yes,1,11.66
1368,7.98,75.8,IT,0,3,0,308,3,Yes,1,8.78
1369,6.81,66.2,IT,3,5,0,183,9,No,1,9.92
1370,6.87,75.3,ECE,2,6,1,192,5,Yes,0,0.0
1371,6.33,76.6,IT,1,4,1,330,8,Yes,1,7.97
1372,7.97,83.6,ECE,2,4,1,188,4,No,0,0.0
1373,8.7,83.9,CSE,2,5,1,332,2,No,1,7.83
1374,6.93,73.1,IT,1,1,1,345,6,Yes,0,0.0
1375,5.87,77.0,ECE,1,3,0,219,7,Yes,0,0.0
1376,7.58,68.8,IT,0,2,0,245,4,Yes,0,0.0
1377,8.04,77.4,CSE,0,4,0,180,10,Yes,1,8.2
1378,5.0,76.3,CE,2,2,1,855,5,No,0,0.0
1379,,79.2,ECE,0,2,0,210,8,No,1,8.23
1380,9.35,70.7,ME,1,5,0,169,8,No,1,11.09
1381,8.14,68.1,IT,1,1,2,200,4,No,0,0.0
1382,7.9,63.2,CE,3,2,1,376,7,No,1,8.62
1383,7.76,93.6,ME,2,5,2,108,5,No,0,0.0
1384,8.36,65.2,CE,1,3,0,143,6,No,1,6.76
1385,6.55,72.5,CSE,2,3,0,193,6,No,1,7.94
1386,6.64,90.5,IT,0,1,1,598,8,Yes,1,9.24
1387,7.77,87.1,IT,0,3,0,278,5,No,1,6.95
1388,6.78,86.3,ECE,0,1,0,173,7,Yes,0,0.0
1389,7.63,72.5,CSE,1,2,4,320,,No,0,0.0
1390,5.68,77.8,CSE,0,2,1,78,8,Yes,0,0.0
1391,8.08,98.0,IT,3,2,0,190,5,Yes,0,0.0
1392,8.16,78.2,ECE,1,2,3,254,7,No,0,0.0
1393,7.44,80.1,IT,1,5,0,109,7,Yes,1,8.13
1394,7.55,73.9,CE,2,2,0,340,8,No,1,8.37
1395,8.86,80.6,IT,1,4,0,263,2,Yes,1,10.01
1396,6.43,76.8,CSE,0,1,0,254,3,Yes,0,0.0
1397,6.58,86.3,ME,0,3,0,182,3,No,0,0.0
1398,6.42,65.3,IT,1,0,0,129,5,No,1,5.41
1399,7.02,62.3,CSE,0,5,0,554,4,Yes,0,0.0
1400,6.49,73.8,CSE,0,2,1,164,5,Yes,0,0.0
1401,7.43,78.3,CE,1,3,0,426,6,No,1,7.64
1402,6.81,87.3,CE,2,2,2,281,8,No,1,7.68
1403,6.1,78.9,ECE,2,3,0,148,8,No,0,0.0
1404,6.0,66.5,CSE,0,0,1,472,5,Yes,0,0.0
1405,8.49,84.7,ME,0,1,1,217,6,Yes,1,8.28
1406,7.34,86.2,CSE,0,0,0,95,3,No,1,7.91
1407,7.2,78.3,IT,0,1,0,389,5,Yes,1,6.56
1408,7.42,73.3,ECE,1,0,1,150,6,No,1,6.59
1409,7.33,82.2,IT,0,3,0,304,5,Yes,0,0.0
1410,8.08,75.2,IT,1,0,0,182,9,Yes,1,9.24
1411,7.91,61.1,CE,0,4,0,201,2,No,0,0.0
1412,6.87,86.7,CSE,1,2,0,224,5,Yes,0,0.0
1413,6.66,62.5,ECE,1,3,0,357,6,No,0,0.0
1414,6.42,70.4,CSE,3,3,0,263,8,Yes,1,10.16
1415,6.27,70.1,CSE,2,2,1,611,7,No,1,10.15
1416,8.66,77.1,CSE,0,6,0,96,3,Yes,1,7.91
1417,6.58,71.3,CE,1,2,0,347,4,Yes,0,0.0
1418,5.58,57.9,ME,1,1,2,453,7,No,0,0.0
1419,6.64,78.7,CE,0,4,0,145,6,Yes,0,0.0
1420,6.69,74.4,CSE,1,4,0,314,8,Yes,1,8.66
1421,7.7,77.5,ECE,3,1,2,209,7,No,1,8.58
1422,6.6,83.5,IT,0,1,0,488,6,No,1,6.47
1423,7.88,87.6,IT,0,2,3,172,5,Yes,1,8.1
1424,7.75,89.4,ME,0,2,0,154,7,Yes,1,7.7
1425,8.54,96.3,IT,1,3,0,66,5,No,0,0.0
1426,9.35,86.2,ECE,0,2,0,379,6,Yes,1,10.31
1427,9.9,69.9,CSE,1,3,0,102,8,Yes,1,10.27
1428,8.62,81.8,IT,0,3,0,351,5,No,1,8.68
1429,6.36,73.2,ECE,2,3,1,247,7,No,0,0.0
1430,7.04,75.8,CSE,0,2,0,129,2,Yes,0,0.0
1431,7.62,71.5,CSE,0,3,0,335,5,Yes,1,10.05
1432,9.26,73.8,IT,3,2,0,246,6,Yes,1,10.47
1433,8.01,85.2,IT,0,3,2,153,7,No,0,0.0
1434,8.48,88.2,ME,2,3,0,484,6,Yes,1,9.45
1435,7.24,65.7,ECE,0,1,5,278,6,Yes,0,0.0
1436,,82.7,ECE,0,1,1,,5,No,1,6.92
1437,8.05,76.7,CE,1,4,0,490,6,Yes,1,8.39
1438,6.99,71.5,CSE,2,2,0,329,7,No,1,10.64
1439,8.1,84.5,CSE,1,3,2,266,4,No,1,9.09
1440,8.36,78.7,IT,3,2,0,246,4,Yes,1,10.2
1441,7.26,70.8,CSE,3,2,5,155,8,Yes,1,10.64
1442,8.32,79.5,ECE,0,3,0,200,9,No,1,8.5
1443,8.88,62.7,ECE,1,2,0,181,9,Yes,1,10.01
1444,7.46,71.1,CSE,1,3,0,595,,Yes,1,9.99
1445,7.4,72.3,ME,0,1,5,213,6,Yes,0,0.0
1446,7.12,62.8,ECE,1,3,2,415,5,No,1,6.44
1447,6.84,76.1,IT,2,2,0,358,7,No,1,8.93
1448,7.54,79.0,CE,2,2,0,181,8,Yes,1,8.89
1449,7.03,69.6,CE,2,5,5,,5,No,0,0.0
1450,7.12,73.8,CSE,0,2,0,435,7,No,1,8.04
1451,6.7,80.1,CSE,1,4,0,311,7,Yes,1,8.89
1452,6.02,81.5,CE,0,3,0,286,9,No,0,0.0
1453,6.56,66.8,CSE,2,4,2,,6,No,1,8.76
1454,7.7,80.1,ME,3,3,1,377,7,Yes,1,8.41
1455,6.34,82.3,IT,1,3,0,196,3,Yes,0,0.0
1456,6.82,74.1,IT,1,2,0,440,5,Yes,1,8.77
1457,8.88,73.6,ECE,2,3,0,171,7,No,1,10.15
1458,8.41,72.2,CE,2,1,0,403,4,Yes,0,0.0
1459,6.78,71.3,CSE,0,2,1,260,5,No,0,0.0
1460,7.94,68.4,CSE,2,1,0,444,,Yes,1,10.22
1461,6.81,92.4,ME,2,2,0,216,6,No,0,0.0
1462,8.86,75.3,IT,0,1,0,370,5,No,1,9.07
1463,6.87,77.9,CSE,0,3,0,184,5,Yes,0,0.0
1464,7.47,77.9,CE,1,4,0,124,7,Yes,1,7.31
1465,8.65,85.5,CSE,1,4,3,316,9,Yes,1,10.12
1466,6.65,70.3,ME,1,1,0,94,8,Yes,1,5.25
1467,8.57,67.8,CE,1,4,0,473,7,No,1,11.31
1468,6.66,88.5,ME,1,5,0,589,9,No,1,8.31
1469,7.61,75.9,ME,1,2,0,,4,No,0,0.0
1470,7.13,76.2,ME,0,5,0,900,8,No,1,6.11
1471,7.32,77.6,ME,1,3,0,380,6,Yes,1,7.64
1472,7.54,87.8,CSE,3,3,0,232,6,No,1,10.0
1473,7.33,82.7,ECE,3,3,0,309,5,Yes,1,7.18
1474,6.48,83.8,ME,1,5,1,,6,Yes,0,0.0
1475,8.18,85.7,CE,0,2,0,143,7,No,1,7.57
1476,8.05,79.3,CE,1,1,0,389,5,Yes,1,6.56
1477,8.56,81.8,CE,3,0,0,80,5,Yes,0,0.0
1478,8.65,73.1,CSE,3,2,5,748,7,No,1,12.44
1479,6.19,55.0,IT,1,2,1,230,9,Yes,0,0.0
1480,8.56,77.3,IT,1,1,0,338,8,Yes,1,9.07
1481,8.57,69.9,CE,0,4,0,181,8,No,1,8.4
1482,6.92,97.9,IT,1,6,3,153,5,Yes,0,0.0
1483,8.33,92.8,CSE,1,5,4,517,5,No,1,11.32
1484,8.72,90.5,CSE,2,3,0,255,6,Yes,1,9.99
1485,6.92,69.6,CSE,1,3,3,173,9,Yes,0,0.0
1486,6.16,90.8,ME,2,2,2,354,5,Yes,0,0.0
1487,7.08,59.7,CSE,0,4,5,203,8,Yes,0,0.0
1488,9.9,72.6,CSE,1,2,0,591,8,No,1,11.74
1489,7.61,69.6,IT,1,3,0,166,5,No,1,8.17
1490,6.31,64.1,ECE,1,0,1,717,7,Yes,1,7.01
1491,7.17,76.5,IT,1,3,3,185,9,No,0,0.0
1492,6.51,75.1,CE,1,4,0,626,7,Yes,1,6.77
1493,7.04,92.1,CSE,0,4,1,398,7,No,1,8.08
1494,7.49,85.3,ECE,0,2,1,146,8,Yes,1,7.9
1495,5.09,80.1,ME,1,7,0,451,4,No,0,0.0
1496,7.72,80.7,CE,1,2,2,364,5,No,1,6.5
1497,8.67,78.5,CE,1,3,0,175,6,No,1,8.84
1498,7.22,69.3,CSE,1,1,3,157,7,Yes,0,0.0
1499,7.06,61.4,ME,1,2,0,336,8,Yes,0,0.0
1500,8.38,71.1,ECE,2,3,0,528,5,Yes,1,9.29
1501,6.26,69.2,IT,2,4,0,118,6,No,1,8.26
1502,6.28,79.5,CSE,0,2,1,140,8,No,0,0.0
1503,6.15,57.1,CSE,1,2,4,349,8,No,0,0.0
1504,7.26,63.3,ME,1,2,3,564,5,Yes,0,0.0
1505,7.75,79.0,CSE,0,3,5,231,5,No,0,0.0
1506,7.32,66.3,IT,0,0,0,130,6,No,1,5.39
1507,7.89,80.5,CSE,2,6,0,392,7,Yes,1,10.32
1508,8.15,74.6,ME,2,4,0,305,2,Yes,0,0.0
1509,7.85,70.6,IT,0,2,0,575,9,Yes,1,11.22
1510,6.67,61.8,CSE,1,2,0,458,6,No,1,8.18
1511,7.16,74.4,IT,2,1,2,162,8,Yes,0,0.0
1512,,72.8,IT,1,1,0,139,9,No,1,9.87
1513,6.46,67.7,ME,1,4,5,146,6,No,0,0.0
1514,7.17,69.6,IT,1,0,0,210,4,No,0,0.0
1515,7.02,76.5,ECE,1,4,2,283,3,No,1,8.15
1516,7.24,76.9,ECE,2,2,0,,9,Yes,1,10.51
1517,6.43,57.7,CE,0,2,1,144,5,Yes,0,0.0
1518,6.19,70.9,ME,0,1,3,109,6,Yes,0,0.0
1519,9.7,86.5,IT,0,3,1,247,4,Yes,1,10.59
1520,8.25,87.9,IT,1,3,1,195,5,Yes,0,0.0
1521,6.76,81.1,IT,0,4,0,81,7,No,0,0.0
1522,7.35,77.7,CE,1,2,0,291,7,Yes,1,7.72
1523,8.01,67.5,CSE,0,3,4,320,6,Yes,0,0.0
1524,7.09,68.1,IT,1,3,0,435,4,Yes,1,8.01
1525,7.95,85.9,ECE,1,4,0,452,6,Yes,1,9.43
1526,6.85,68.0,IT,0,2,0,358,6,No,0,0.0
1527,7.08,84.3,ECE,2,2,2,523,8,No,1,10.04
1528,7.32,87.2,IT,1,4,0,209,5,Yes,1,5.75
1529,6.99,65.2,IT,1,2,0,244,4,Yes,0,0.0
1530,5.19,73.3,ECE,3,3,3,,7,Yes,0,0.0
1531,7.42,75.1,IT,2,2,5,167,5,No,0,0.0
1532,7.64,95.0,ECE,1,5,0,255,8,No,1,8.83
1533,7.83,84.8,ME,0,4,0,189,8,No,1,7.05
1534,6.51,68.7,CSE,1,3,0,342,6,No,1,9.32
1535,7.71,80.6,IT,0,6,5,142,6,No,0,0.0
1536,7.59,68.3,CE,0,3,0,,7,No,1,7.27
1537,5.81,69.9,CE,1,2,0,158,3,Yes,0,0.0
1538,5.42,71.9,CE,0,4,3,202,8,Yes,0,0.0
1539,7.83,78.6,CSE,2,2,0,259,8,No,1,10.52
1540,6.54,76.2,ME,2,2,0,292,7,No,1,7.54
1541,8.3,70.5,CE,0,4,0,271,6,Yes,1,8.19
1542,9.33,65.1,CE,0,2,1,,5,No,1,7.95
1543,6.88,71.2,ME,3,6,0,399,5,Yes,1,9.04
1544,6.78,66.1,ECE,0,5,0,302,7,Yes,1,8.61
1545,7.39,69.7,ME,2,2,0,169,7,No,0,0.0
1546,8.01,97.1,ECE,2,2,0,209,5,Yes,1,7.53
1547,6.38,83.4,ME,2,4,1,536,8,Yes,1,9.11
1548,8.52,77.8,ECE,0,2,0,123,,Yes,1,9.23
1549,8.29,65.8,CSE,3,2,0,282,8,No,1,11.17
1550,7.99,66.1,CSE,0,3,0,307,5,No,0,0.0